/*
Navicat MySQL Data Transfer

Source Server         : LJCdatabase
Source Server Version : 50714
Source Host           : localhost:3306
Source Database       : happyshop

Target Server Type    : MYSQL
Target Server Version : 50714
File Encoding         : 65001

Date: 2018-12-03 19:37:04
*/

SET FOREIGN_KEY_CHECKS=0;

-- ----------------------------
-- Table structure for cartlist
-- ----------------------------
DROP TABLE IF EXISTS `cartlist`;
CREATE TABLE `cartlist` (
  `cid` int(10) unsigned NOT NULL AUTO_INCREMENT,
  `uid` int(10) unsigned NOT NULL,
  `gid` int(10) unsigned NOT NULL,
  `sid` int(10) unsigned NOT NULL,
  `nums` int(10) unsigned NOT NULL,
  PRIMARY KEY (`cid`)
) ENGINE=MyISAM AUTO_INCREMENT=37 DEFAULT CHARSET=utf8;

-- ----------------------------
-- Records of cartlist
-- ----------------------------

-- ----------------------------
-- Table structure for classlist
-- ----------------------------
DROP TABLE IF EXISTS `classlist`;
CREATE TABLE `classlist` (
  `clid` int(10) unsigned NOT NULL AUTO_INCREMENT,
  `sclass` varchar(255) NOT NULL,
  `bid` int(10) unsigned NOT NULL,
  PRIMARY KEY (`clid`)
) ENGINE=MyISAM AUTO_INCREMENT=13 DEFAULT CHARSET=utf8;

-- ----------------------------
-- Records of classlist
-- ----------------------------
INSERT INTO `classlist` VALUES ('1', '面部护理', '1');
INSERT INTO `classlist` VALUES ('2', '香水彩妆', '1');
INSERT INTO `classlist` VALUES ('3', '美发护发', '1');
INSERT INTO `classlist` VALUES ('4', '身体护理', '1');
INSERT INTO `classlist` VALUES ('5', '美容工具', '1');
INSERT INTO `classlist` VALUES ('6', '口腔护理', '1');
INSERT INTO `classlist` VALUES ('7', '饮料冲调', '2');
INSERT INTO `classlist` VALUES ('8', '粮油调味', '2');
INSERT INTO `classlist` VALUES ('9', '酒水茗茶', '2');
INSERT INTO `classlist` VALUES ('10', '休闲食品', '2');
INSERT INTO `classlist` VALUES ('11', '营养保健', '2');
INSERT INTO `classlist` VALUES ('12', '生鲜食品', '2');

-- ----------------------------
-- Table structure for goodlist
-- ----------------------------
DROP TABLE IF EXISTS `goodlist`;
CREATE TABLE `goodlist` (
  `gid` int(10) unsigned NOT NULL AUTO_INCREMENT,
  `goodname` varchar(255) NOT NULL,
  `price` int(11) unsigned NOT NULL,
  `delprice` int(11) unsigned NOT NULL,
  `xiaoliang` int(11) unsigned NOT NULL,
  `kucun` int(11) unsigned NOT NULL,
  `yunfei` int(11) unsigned NOT NULL,
  `color` varchar(255) NOT NULL,
  `size` varchar(255) NOT NULL,
  `jianjie` varchar(255) NOT NULL,
  `bigimg` varchar(255) NOT NULL,
  `smallimg` varchar(255) NOT NULL,
  `sid` int(10) unsigned NOT NULL,
  `clid` int(10) unsigned NOT NULL,
  `bid` int(10) unsigned NOT NULL,
  PRIMARY KEY (`gid`)
) ENGINE=MyISAM AUTO_INCREMENT=155 DEFAULT CHARSET=utf8;

-- ----------------------------
-- Records of goodlist
-- ----------------------------
INSERT INTO `goodlist` VALUES ('137', '[肉厚味甜 入口即化]沙雅舒克和田大枣 500g*16袋', '169', '239', '22', '220', '0', '默认', '默认', '来自新疆的和田大枣，每天长达15小时的日照为大枣提供了充分的光合作用，这里长出来的大枣个大皮薄、核小肉厚，颜色好，干而不皱，日常滋补，益气补血最合适不过。', '../img/goodimg/goodimg04_b1.jpg-../img/goodimg/goodimg04_b2.jpg-../img/goodimg/goodimg04_b3.jpg-../img/goodimg/goodimg04_b4.jpg', '../img/goodimg/goodimg04_s1.jpg-../img/goodimg/goodimg04_s2.jpg-../img/goodimg/goodimg04_s3.jpg-../img/goodimg/goodimg04_s4.jpg', '3', '6', '1');
INSERT INTO `goodlist` VALUES ('136', '[2组起订]甘源休闲食品（蒜香味青豌豆285g/蟹黄味瓜子仁285g/蟹黄味蚕豆285g/酱 蟹黄味瓜子仁285g', '9', '18', '222', '220', '10', '默认', '蒜香味青豌豆285g-蟹黄味瓜子仁285g-蟹黄味蚕豆285g-酱香烤肉味兰花豆285g', '[2组起订]甘源休闲食品（蒜香味青豌豆285g/蟹黄味瓜子仁285g/蟹黄味蚕豆285g/酱 酱香烤肉味兰花豆285g', '../img/goodimg/goodimg03_b1.jpg', '../img/goodimg/goodimg03_s1.jpg', '2', '7', '2');
INSERT INTO `goodlist` VALUES ('135', '[人间至味是肉香]丁星斋传统老汤牛肉 （清真）125g*10袋 赠8袋', '298', '398', '111', '200', '0', '默认', '默认', '陕西特产，精选中国五大黄牛品种之首秦川牛，被誉为唯一可与日本神户肥牛相媲美的国产牛肉，肉质鲜嫩，不带肥脂，口味醇香。百年老字号丁星斋，老汤熬制，配料秘制，吃一口就忘不了这个味。', '../img/goodimg/goodimg02_b1.jpg-../img/goodimg/goodimg02_b2.jpg-../img/goodimg/goodimg02_b3.jpg-../img/goodimg/goodimg02_b4.jpg-../img/goodimg/goodimg02_b5.jpg', '../img/goodimg/goodimg02_s1.jpg-../img/goodimg/goodimg02_s2.jpg-../img/goodimg/goodimg02_s3.jpg-../img/goodimg/goodimg02_s4.jpg-../img/goodimg/goodimg02_s5.jpg', '1', '8', '2');
INSERT INTO `goodlist` VALUES ('134', '[9种美味齐聚一盒]森林大叔 每日坚果9种果仁分享组 26g*60袋', '289', '299', '186', '200', '0', '默认', '默认', '集齐了9款优质果仁，全球甄选扁桃仁、核桃仁、腰果、黑加仑、蔓越莓干、碧根果仁、榛子仁、蓝莓干、开心果仁等食材。富含多种矿物质、维生素A.B.B1等，适合6岁以上儿童，成人及老年食用', '../img/goodimg/goodimg01_b1.jpg-../img/goodimg/goodimg01_b2.jpg-../img/goodimg/goodimg01_b3.jpg-../img/goodimg/goodimg01_b4.jpg-../img/goodimg/goodimg01_b5.jpg', '../img/goodimg/goodimg01_s1.jpg-../img/goodimg/goodimg01_s2.jpg-../img/goodimg/goodimg01_s3.jpg-../img/goodimg/goodimg01_s4.jpg-../img/goodimg/goodimg01_s5.jpg', '1', '9', '2');
INSERT INTO `goodlist` VALUES ('133', '[水润新生膜力尽显]（直邮）泰国ANJERI免洗睡眠面膜组合（金色16粒+银色16粒）', '168', '252', '366', '877', '0', '默认', '默认', '夜间肌肤更容易流失水分，敷完就睡觉，整夜护肤，不用再次清洗，让你轻松拥有水润美肌，告别肌肤暗沉和粗糙。一觉醒来，解决多种肌肤问题。', '../img/goodimg/goodimg07_b1.jpg-../img/goodimg/goodimg07_b2.jpg-../img/goodimg/goodimg07_b3.jpg-../img/goodimg/goodimg07_b4.jpg-../img/goodimg/goodimg07_b5.jpg', '../img/goodimg/goodimg07_s1.jpg-../img/goodimg/goodimg07_s2.jpg-../img/goodimg/goodimg07_s3.jpg-../img/goodimg/goodimg07_s4.jpg-../img/goodimg/goodimg07_s5.jpg', '6', '10', '2');
INSERT INTO `goodlist` VALUES ('132', '[肌肤闪耀钻石光感]（直邮）日本CPB肌肤之钥光透白钻石光感隔离霜30ml', '358', '398', '320', '234', '0', '默认', '默认', 'CPB的底妆素有“越夜越美丽”的称号，就算带妆一整天也丝毫不会暗沉粗糙，甚至越到晚上越显细腻白净。这款添加传明酸亮白精华液，白皙均匀肤色的同时能有效遮盖肌肤瑕疵，使肌肤充满透明感，能有效提升粉底贴合度，显著改善底妆效果。多种保养配方，带妆也能有效滋养。', '../img/goodimg/goodimg06_b1.jpg-../img/goodimg/goodimg06_b2.jpg-../img/goodimg/goodimg06_b3.jpg', '../img/goodimg/goodimg06_s1.jpg-../img/goodimg/goodimg06_s2.jpg-../img/goodimg/goodimg06_s3.jpg', '5', '11', '2');
INSERT INTO `goodlist` VALUES ('131', '[自带磨皮美颜妆效]（直邮）日本CPB肌肤之钥长管滋润隔离霜36ml', '398', '418', '221', '500', '0', '默认', '默认', '通透微遮瑕，三重光层科技，自带打光效果，做人群中闪亮的那颗星。粉末控色技术，强大的磨皮柔焦效果，自然美颜。滋润型偏乳液质地，上脸感觉轻薄易推且非常服帖，持妆效果好，单用就是自然裸妆，“伪素颜神器”，时间越久妆容越贴合，即使秋冬一点也不干。', '../img/goodimg/goodimg05_b1.jpg-../img/goodimg/goodimg05_b2.jpg-../img/goodimg/goodimg05_b3.jpg', '../img/goodimg/goodimg05_s1.jpg-../img/goodimg/goodimg05_s2.jpg-../img/goodimg/goodimg05_s3.jpg', '4', '12', '2');
INSERT INTO `goodlist` VALUES ('130', '[肉厚味甜 入口即化]沙雅舒克和田大枣 500g*16袋', '169', '239', '22', '220', '0', '默认', '默认', '来自新疆的和田大枣，每天长达15小时的日照为大枣提供了充分的光合作用，这里长出来的大枣个大皮薄、核小肉厚，颜色好，干而不皱，日常滋补，益气补血最合适不过。', '../img/goodimg/goodimg04_b1.jpg-../img/goodimg/goodimg04_b2.jpg-../img/goodimg/goodimg04_b3.jpg-../img/goodimg/goodimg04_b4.jpg', '../img/goodimg/goodimg04_s1.jpg-../img/goodimg/goodimg04_s2.jpg-../img/goodimg/goodimg04_s3.jpg-../img/goodimg/goodimg04_s4.jpg', '3', '12', '2');
INSERT INTO `goodlist` VALUES ('129', '[2组起订]甘源休闲食品（蒜香味青豌豆285g/蟹黄味瓜子仁285g/蟹黄味蚕豆285g/酱 蟹黄味瓜子仁285g', '9', '18', '222', '220', '10', '默认', '蒜香味青豌豆285g-蟹黄味瓜子仁285g-蟹黄味蚕豆285g-酱香烤肉味兰花豆285g', '[2组起订]甘源休闲食品（蒜香味青豌豆285g/蟹黄味瓜子仁285g/蟹黄味蚕豆285g/酱 酱香烤肉味兰花豆285g', '../img/goodimg/goodimg03_b1.jpg', '../img/goodimg/goodimg03_s1.jpg', '2', '11', '2');
INSERT INTO `goodlist` VALUES ('128', '[人间至味是肉香]丁星斋传统老汤牛肉 （清真）125g*10袋 赠8袋', '298', '398', '111', '200', '0', '默认', '默认', '陕西特产，精选中国五大黄牛品种之首秦川牛，被誉为唯一可与日本神户肥牛相媲美的国产牛肉，肉质鲜嫩，不带肥脂，口味醇香。百年老字号丁星斋，老汤熬制，配料秘制，吃一口就忘不了这个味。', '../img/goodimg/goodimg02_b1.jpg-../img/goodimg/goodimg02_b2.jpg-../img/goodimg/goodimg02_b3.jpg-../img/goodimg/goodimg02_b4.jpg-../img/goodimg/goodimg02_b5.jpg', '../img/goodimg/goodimg02_s1.jpg-../img/goodimg/goodimg02_s2.jpg-../img/goodimg/goodimg02_s3.jpg-../img/goodimg/goodimg02_s4.jpg-../img/goodimg/goodimg02_s5.jpg', '1', '10', '2');
INSERT INTO `goodlist` VALUES ('127', '[9种美味齐聚一盒]森林大叔 每日坚果9种果仁分享组 26g*60袋', '289', '299', '186', '200', '0', '默认', '默认', '集齐了9款优质果仁，全球甄选扁桃仁、核桃仁、腰果、黑加仑、蔓越莓干、碧根果仁、榛子仁、蓝莓干、开心果仁等食材。富含多种矿物质、维生素A.B.B1等，适合6岁以上儿童，成人及老年食用', '../img/goodimg/goodimg01_b1.jpg-../img/goodimg/goodimg01_b2.jpg-../img/goodimg/goodimg01_b3.jpg-../img/goodimg/goodimg01_b4.jpg-../img/goodimg/goodimg01_b5.jpg', '../img/goodimg/goodimg01_s1.jpg-../img/goodimg/goodimg01_s2.jpg-../img/goodimg/goodimg01_s3.jpg-../img/goodimg/goodimg01_s4.jpg-../img/goodimg/goodimg01_s5.jpg', '1', '9', '2');
INSERT INTO `goodlist` VALUES ('126', '[水润新生膜力尽显]（直邮）泰国ANJERI免洗睡眠面膜组合（金色16粒+银色16粒）', '168', '252', '366', '877', '0', '默认', '默认', '夜间肌肤更容易流失水分，敷完就睡觉，整夜护肤，不用再次清洗，让你轻松拥有水润美肌，告别肌肤暗沉和粗糙。一觉醒来，解决多种肌肤问题。', '../img/goodimg/goodimg07_b1.jpg-../img/goodimg/goodimg07_b2.jpg-../img/goodimg/goodimg07_b3.jpg-../img/goodimg/goodimg07_b4.jpg-../img/goodimg/goodimg07_b5.jpg', '../img/goodimg/goodimg07_s1.jpg-../img/goodimg/goodimg07_s2.jpg-../img/goodimg/goodimg07_s3.jpg-../img/goodimg/goodimg07_s4.jpg-../img/goodimg/goodimg07_s5.jpg', '6', '8', '2');
INSERT INTO `goodlist` VALUES ('125', '[肌肤闪耀钻石光感]（直邮）日本CPB肌肤之钥光透白钻石光感隔离霜30ml', '358', '398', '320', '234', '0', '默认', '默认', 'CPB的底妆素有“越夜越美丽”的称号，就算带妆一整天也丝毫不会暗沉粗糙，甚至越到晚上越显细腻白净。这款添加传明酸亮白精华液，白皙均匀肤色的同时能有效遮盖肌肤瑕疵，使肌肤充满透明感，能有效提升粉底贴合度，显著改善底妆效果。多种保养配方，带妆也能有效滋养。', '../img/goodimg/goodimg06_b1.jpg-../img/goodimg/goodimg06_b2.jpg-../img/goodimg/goodimg06_b3.jpg', '../img/goodimg/goodimg06_s1.jpg-../img/goodimg/goodimg06_s2.jpg-../img/goodimg/goodimg06_s3.jpg', '5', '7', '2');
INSERT INTO `goodlist` VALUES ('124', '[自带磨皮美颜妆效]（直邮）日本CPB肌肤之钥长管滋润隔离霜36ml', '398', '418', '221', '500', '0', '默认', '默认', '通透微遮瑕，三重光层科技，自带打光效果，做人群中闪亮的那颗星。粉末控色技术，强大的磨皮柔焦效果，自然美颜。滋润型偏乳液质地，上脸感觉轻薄易推且非常服帖，持妆效果好，单用就是自然裸妆，“伪素颜神器”，时间越久妆容越贴合，即使秋冬一点也不干。', '../img/goodimg/goodimg05_b1.jpg-../img/goodimg/goodimg05_b2.jpg-../img/goodimg/goodimg05_b3.jpg', '../img/goodimg/goodimg05_s1.jpg-../img/goodimg/goodimg05_s2.jpg-../img/goodimg/goodimg05_s3.jpg', '4', '6', '1');
INSERT INTO `goodlist` VALUES ('122', '[2组起订]甘源休闲食品（蒜香味青豌豆285g/蟹黄味瓜子仁285g/蟹黄味蚕豆285g/酱 蟹黄味瓜子仁285g', '9', '18', '222', '220', '10', '默认', '蒜香味青豌豆285g-蟹黄味瓜子仁285g-蟹黄味蚕豆285g-酱香烤肉味兰花豆285g', '[2组起订]甘源休闲食品（蒜香味青豌豆285g/蟹黄味瓜子仁285g/蟹黄味蚕豆285g/酱 酱香烤肉味兰花豆285g', '../img/goodimg/goodimg03_b1.jpg', '../img/goodimg/goodimg03_s1.jpg', '2', '4', '1');
INSERT INTO `goodlist` VALUES ('123', '[肉厚味甜 入口即化]沙雅舒克和田大枣 500g*16袋', '169', '239', '22', '220', '0', '默认', '默认', '来自新疆的和田大枣，每天长达15小时的日照为大枣提供了充分的光合作用，这里长出来的大枣个大皮薄、核小肉厚，颜色好，干而不皱，日常滋补，益气补血最合适不过。', '../img/goodimg/goodimg04_b1.jpg-../img/goodimg/goodimg04_b2.jpg-../img/goodimg/goodimg04_b3.jpg-../img/goodimg/goodimg04_b4.jpg', '../img/goodimg/goodimg04_s1.jpg-../img/goodimg/goodimg04_s2.jpg-../img/goodimg/goodimg04_s3.jpg-../img/goodimg/goodimg04_s4.jpg', '3', '5', '1');
INSERT INTO `goodlist` VALUES ('121', '[人间至味是肉香]丁星斋传统老汤牛肉 （清真）125g*10袋 赠8袋', '298', '398', '111', '200', '0', '默认', '默认', '陕西特产，精选中国五大黄牛品种之首秦川牛，被誉为唯一可与日本神户肥牛相媲美的国产牛肉，肉质鲜嫩，不带肥脂，口味醇香。百年老字号丁星斋，老汤熬制，配料秘制，吃一口就忘不了这个味。', '../img/goodimg/goodimg02_b1.jpg-../img/goodimg/goodimg02_b2.jpg-../img/goodimg/goodimg02_b3.jpg-../img/goodimg/goodimg02_b4.jpg-../img/goodimg/goodimg02_b5.jpg', '../img/goodimg/goodimg02_s1.jpg-../img/goodimg/goodimg02_s2.jpg-../img/goodimg/goodimg02_s3.jpg-../img/goodimg/goodimg02_s4.jpg-../img/goodimg/goodimg02_s5.jpg', '1', '3', '1');
INSERT INTO `goodlist` VALUES ('120', '[9种美味齐聚一盒]森林大叔 每日坚果9种果仁分享组 26g*60袋', '289', '299', '186', '200', '0', '默认', '默认', '集齐了9款优质果仁，全球甄选扁桃仁、核桃仁、腰果、黑加仑、蔓越莓干、碧根果仁、榛子仁、蓝莓干、开心果仁等食材。富含多种矿物质、维生素A.B.B1等，适合6岁以上儿童，成人及老年食用', '../img/goodimg/goodimg01_b1.jpg-../img/goodimg/goodimg01_b2.jpg-../img/goodimg/goodimg01_b3.jpg-../img/goodimg/goodimg01_b4.jpg-../img/goodimg/goodimg01_b5.jpg', '../img/goodimg/goodimg01_s1.jpg-../img/goodimg/goodimg01_s2.jpg-../img/goodimg/goodimg01_s3.jpg-../img/goodimg/goodimg01_s4.jpg-../img/goodimg/goodimg01_s5.jpg', '1', '2', '1');
INSERT INTO `goodlist` VALUES ('119', '[水润新生膜力尽显]（直邮）泰国ANJERI免洗睡眠面膜组合（金色16粒+银色16粒）', '168', '252', '366', '877', '0', '默认', '默认', '夜间肌肤更容易流失水分，敷完就睡觉，整夜护肤，不用再次清洗，让你轻松拥有水润美肌，告别肌肤暗沉和粗糙。一觉醒来，解决多种肌肤问题。', '../img/goodimg/goodimg07_b1.jpg-../img/goodimg/goodimg07_b2.jpg-../img/goodimg/goodimg07_b3.jpg-../img/goodimg/goodimg07_b4.jpg-../img/goodimg/goodimg07_b5.jpg', '../img/goodimg/goodimg07_s1.jpg-../img/goodimg/goodimg07_s2.jpg-../img/goodimg/goodimg07_s3.jpg-../img/goodimg/goodimg07_s4.jpg-../img/goodimg/goodimg07_s5.jpg', '6', '1', '1');
INSERT INTO `goodlist` VALUES ('118', '[肌肤闪耀钻石光感]（直邮）日本CPB肌肤之钥光透白钻石光感隔离霜30ml', '358', '398', '320', '234', '0', '默认', '默认', 'CPB的底妆素有“越夜越美丽”的称号，就算带妆一整天也丝毫不会暗沉粗糙，甚至越到晚上越显细腻白净。这款添加传明酸亮白精华液，白皙均匀肤色的同时能有效遮盖肌肤瑕疵，使肌肤充满透明感，能有效提升粉底贴合度，显著改善底妆效果。多种保养配方，带妆也能有效滋养。', '../img/goodimg/goodimg06_b1.jpg-../img/goodimg/goodimg06_b2.jpg-../img/goodimg/goodimg06_b3.jpg', '../img/goodimg/goodimg06_s1.jpg-../img/goodimg/goodimg06_s2.jpg-../img/goodimg/goodimg06_s3.jpg', '5', '12', '2');
INSERT INTO `goodlist` VALUES ('117', '[自带磨皮美颜妆效]（直邮）日本CPB肌肤之钥长管滋润隔离霜36ml', '398', '418', '221', '500', '0', '默认', '默认', '通透微遮瑕，三重光层科技，自带打光效果，做人群中闪亮的那颗星。粉末控色技术，强大的磨皮柔焦效果，自然美颜。滋润型偏乳液质地，上脸感觉轻薄易推且非常服帖，持妆效果好，单用就是自然裸妆，“伪素颜神器”，时间越久妆容越贴合，即使秋冬一点也不干。', '../img/goodimg/goodimg05_b1.jpg-../img/goodimg/goodimg05_b2.jpg-../img/goodimg/goodimg05_b3.jpg', '../img/goodimg/goodimg05_s1.jpg-../img/goodimg/goodimg05_s2.jpg-../img/goodimg/goodimg05_s3.jpg', '4', '11', '2');
INSERT INTO `goodlist` VALUES ('116', '[肉厚味甜 入口即化]沙雅舒克和田大枣 500g*16袋', '169', '239', '22', '220', '0', '默认', '默认', '来自新疆的和田大枣，每天长达15小时的日照为大枣提供了充分的光合作用，这里长出来的大枣个大皮薄、核小肉厚，颜色好，干而不皱，日常滋补，益气补血最合适不过。', '../img/goodimg/goodimg04_b1.jpg-../img/goodimg/goodimg04_b2.jpg-../img/goodimg/goodimg04_b3.jpg-../img/goodimg/goodimg04_b4.jpg', '../img/goodimg/goodimg04_s1.jpg-../img/goodimg/goodimg04_s2.jpg-../img/goodimg/goodimg04_s3.jpg-../img/goodimg/goodimg04_s4.jpg', '3', '10', '2');
INSERT INTO `goodlist` VALUES ('115', '[2组起订]甘源休闲食品（蒜香味青豌豆285g/蟹黄味瓜子仁285g/蟹黄味蚕豆285g/酱 蟹黄味瓜子仁285g', '9', '18', '222', '220', '10', '默认', '蒜香味青豌豆285g-蟹黄味瓜子仁285g-蟹黄味蚕豆285g-酱香烤肉味兰花豆285g', '[2组起订]甘源休闲食品（蒜香味青豌豆285g/蟹黄味瓜子仁285g/蟹黄味蚕豆285g/酱 酱香烤肉味兰花豆285g', '../img/goodimg/goodimg03_b1.jpg', '../img/goodimg/goodimg03_s1.jpg', '2', '9', '2');
INSERT INTO `goodlist` VALUES ('114', '[人间至味是肉香]丁星斋传统老汤牛肉 （清真）125g*10袋 赠8袋', '298', '398', '111', '200', '0', '默认', '默认', '陕西特产，精选中国五大黄牛品种之首秦川牛，被誉为唯一可与日本神户肥牛相媲美的国产牛肉，肉质鲜嫩，不带肥脂，口味醇香。百年老字号丁星斋，老汤熬制，配料秘制，吃一口就忘不了这个味。', '../img/goodimg/goodimg02_b1.jpg-../img/goodimg/goodimg02_b2.jpg-../img/goodimg/goodimg02_b3.jpg-../img/goodimg/goodimg02_b4.jpg-../img/goodimg/goodimg02_b5.jpg', '../img/goodimg/goodimg02_s1.jpg-../img/goodimg/goodimg02_s2.jpg-../img/goodimg/goodimg02_s3.jpg-../img/goodimg/goodimg02_s4.jpg-../img/goodimg/goodimg02_s5.jpg', '1', '8', '2');
INSERT INTO `goodlist` VALUES ('113', '[9种美味齐聚一盒]森林大叔 每日坚果9种果仁分享组 26g*60袋', '289', '299', '186', '200', '0', '默认', '默认', '集齐了9款优质果仁，全球甄选扁桃仁、核桃仁、腰果、黑加仑、蔓越莓干、碧根果仁、榛子仁、蓝莓干、开心果仁等食材。富含多种矿物质、维生素A.B.B1等，适合6岁以上儿童，成人及老年食用', '../img/goodimg/goodimg01_b1.jpg-../img/goodimg/goodimg01_b2.jpg-../img/goodimg/goodimg01_b3.jpg-../img/goodimg/goodimg01_b4.jpg-../img/goodimg/goodimg01_b5.jpg', '../img/goodimg/goodimg01_s1.jpg-../img/goodimg/goodimg01_s2.jpg-../img/goodimg/goodimg01_s3.jpg-../img/goodimg/goodimg01_s4.jpg-../img/goodimg/goodimg01_s5.jpg', '1', '7', '2');
INSERT INTO `goodlist` VALUES ('112', '[水润新生膜力尽显]（直邮）泰国ANJERI免洗睡眠面膜组合（金色16粒+银色16粒）', '168', '252', '366', '877', '0', '默认', '默认', '夜间肌肤更容易流失水分，敷完就睡觉，整夜护肤，不用再次清洗，让你轻松拥有水润美肌，告别肌肤暗沉和粗糙。一觉醒来，解决多种肌肤问题。', '../img/goodimg/goodimg07_b1.jpg-../img/goodimg/goodimg07_b2.jpg-../img/goodimg/goodimg07_b3.jpg-../img/goodimg/goodimg07_b4.jpg-../img/goodimg/goodimg07_b5.jpg', '../img/goodimg/goodimg07_s1.jpg-../img/goodimg/goodimg07_s2.jpg-../img/goodimg/goodimg07_s3.jpg-../img/goodimg/goodimg07_s4.jpg-../img/goodimg/goodimg07_s5.jpg', '6', '6', '1');
INSERT INTO `goodlist` VALUES ('111', '[肌肤闪耀钻石光感]（直邮）日本CPB肌肤之钥光透白钻石光感隔离霜30ml', '358', '398', '320', '234', '0', '默认', '默认', 'CPB的底妆素有“越夜越美丽”的称号，就算带妆一整天也丝毫不会暗沉粗糙，甚至越到晚上越显细腻白净。这款添加传明酸亮白精华液，白皙均匀肤色的同时能有效遮盖肌肤瑕疵，使肌肤充满透明感，能有效提升粉底贴合度，显著改善底妆效果。多种保养配方，带妆也能有效滋养。', '../img/goodimg/goodimg06_b1.jpg-../img/goodimg/goodimg06_b2.jpg-../img/goodimg/goodimg06_b3.jpg', '../img/goodimg/goodimg06_s1.jpg-../img/goodimg/goodimg06_s2.jpg-../img/goodimg/goodimg06_s3.jpg', '5', '5', '1');
INSERT INTO `goodlist` VALUES ('110', '[自带磨皮美颜妆效]（直邮）日本CPB肌肤之钥长管滋润隔离霜36ml', '398', '418', '221', '500', '0', '默认', '默认', '通透微遮瑕，三重光层科技，自带打光效果，做人群中闪亮的那颗星。粉末控色技术，强大的磨皮柔焦效果，自然美颜。滋润型偏乳液质地，上脸感觉轻薄易推且非常服帖，持妆效果好，单用就是自然裸妆，“伪素颜神器”，时间越久妆容越贴合，即使秋冬一点也不干。', '../img/goodimg/goodimg05_b1.jpg-../img/goodimg/goodimg05_b2.jpg-../img/goodimg/goodimg05_b3.jpg', '../img/goodimg/goodimg05_s1.jpg-../img/goodimg/goodimg05_s2.jpg-../img/goodimg/goodimg05_s3.jpg', '4', '4', '1');
INSERT INTO `goodlist` VALUES ('109', '[肉厚味甜 入口即化]沙雅舒克和田大枣 500g*16袋', '169', '239', '22', '220', '0', '默认', '默认', '来自新疆的和田大枣，每天长达15小时的日照为大枣提供了充分的光合作用，这里长出来的大枣个大皮薄、核小肉厚，颜色好，干而不皱，日常滋补，益气补血最合适不过。', '../img/goodimg/goodimg04_b1.jpg-../img/goodimg/goodimg04_b2.jpg-../img/goodimg/goodimg04_b3.jpg-../img/goodimg/goodimg04_b4.jpg', '../img/goodimg/goodimg04_s1.jpg-../img/goodimg/goodimg04_s2.jpg-../img/goodimg/goodimg04_s3.jpg-../img/goodimg/goodimg04_s4.jpg', '3', '3', '1');
INSERT INTO `goodlist` VALUES ('108', '[2组起订]甘源休闲食品（蒜香味青豌豆285g/蟹黄味瓜子仁285g/蟹黄味蚕豆285g/酱 蟹黄味瓜子仁285g', '9', '18', '222', '220', '10', '默认', '蒜香味青豌豆285g-蟹黄味瓜子仁285g-蟹黄味蚕豆285g-酱香烤肉味兰花豆285g', '[2组起订]甘源休闲食品（蒜香味青豌豆285g/蟹黄味瓜子仁285g/蟹黄味蚕豆285g/酱 酱香烤肉味兰花豆285g', '../img/goodimg/goodimg03_b1.jpg', '../img/goodimg/goodimg03_s1.jpg', '2', '2', '1');
INSERT INTO `goodlist` VALUES ('107', '[人间至味是肉香]丁星斋传统老汤牛肉 （清真）125g*10袋 赠8袋', '298', '398', '111', '200', '0', '默认', '默认', '陕西特产，精选中国五大黄牛品种之首秦川牛，被誉为唯一可与日本神户肥牛相媲美的国产牛肉，肉质鲜嫩，不带肥脂，口味醇香。百年老字号丁星斋，老汤熬制，配料秘制，吃一口就忘不了这个味。', '../img/goodimg/goodimg02_b1.jpg-../img/goodimg/goodimg02_b2.jpg-../img/goodimg/goodimg02_b3.jpg-../img/goodimg/goodimg02_b4.jpg-../img/goodimg/goodimg02_b5.jpg', '../img/goodimg/goodimg02_s1.jpg-../img/goodimg/goodimg02_s2.jpg-../img/goodimg/goodimg02_s3.jpg-../img/goodimg/goodimg02_s4.jpg-../img/goodimg/goodimg02_s5.jpg', '1', '1', '1');
INSERT INTO `goodlist` VALUES ('106', '[9种美味齐聚一盒]森林大叔 每日坚果9种果仁分享组 26g*60袋', '289', '299', '186', '200', '0', '默认', '默认', '集齐了9款优质果仁，全球甄选扁桃仁、核桃仁、腰果、黑加仑、蔓越莓干、碧根果仁、榛子仁、蓝莓干、开心果仁等食材。富含多种矿物质、维生素A.B.B1等，适合6岁以上儿童，成人及老年食用', '../img/goodimg/goodimg01_b1.jpg-../img/goodimg/goodimg01_b2.jpg-../img/goodimg/goodimg01_b3.jpg-../img/goodimg/goodimg01_b4.jpg-../img/goodimg/goodimg01_b5.jpg', '../img/goodimg/goodimg01_s1.jpg-../img/goodimg/goodimg01_s2.jpg-../img/goodimg/goodimg01_s3.jpg-../img/goodimg/goodimg01_s4.jpg-../img/goodimg/goodimg01_s5.jpg', '1', '1', '1');
INSERT INTO `goodlist` VALUES ('105', '[水润新生膜力尽显]（直邮）泰国ANJERI免洗睡眠面膜组合（金色16粒+银色16粒）', '168', '252', '366', '877', '0', '默认', '默认', '夜间肌肤更容易流失水分，敷完就睡觉，整夜护肤，不用再次清洗，让你轻松拥有水润美肌，告别肌肤暗沉和粗糙。一觉醒来，解决多种肌肤问题。', '../img/goodimg/goodimg07_b1.jpg-../img/goodimg/goodimg07_b2.jpg-../img/goodimg/goodimg07_b3.jpg-../img/goodimg/goodimg07_b4.jpg-../img/goodimg/goodimg07_b5.jpg', '../img/goodimg/goodimg07_s1.jpg-../img/goodimg/goodimg07_s2.jpg-../img/goodimg/goodimg07_s3.jpg-../img/goodimg/goodimg07_s4.jpg-../img/goodimg/goodimg07_s5.jpg', '6', '2', '1');
INSERT INTO `goodlist` VALUES ('104', '[肌肤闪耀钻石光感]（直邮）日本CPB肌肤之钥光透白钻石光感隔离霜30ml', '358', '398', '320', '234', '0', '默认', '默认', 'CPB的底妆素有“越夜越美丽”的称号，就算带妆一整天也丝毫不会暗沉粗糙，甚至越到晚上越显细腻白净。这款添加传明酸亮白精华液，白皙均匀肤色的同时能有效遮盖肌肤瑕疵，使肌肤充满透明感，能有效提升粉底贴合度，显著改善底妆效果。多种保养配方，带妆也能有效滋养。', '../img/goodimg/goodimg06_b1.jpg-../img/goodimg/goodimg06_b2.jpg-../img/goodimg/goodimg06_b3.jpg', '../img/goodimg/goodimg06_s1.jpg-../img/goodimg/goodimg06_s2.jpg-../img/goodimg/goodimg06_s3.jpg', '5', '3', '1');
INSERT INTO `goodlist` VALUES ('103', '[自带磨皮美颜妆效]（直邮）日本CPB肌肤之钥长管滋润隔离霜36ml', '398', '418', '221', '500', '0', '默认', '默认', '通透微遮瑕，三重光层科技，自带打光效果，做人群中闪亮的那颗星。粉末控色技术，强大的磨皮柔焦效果，自然美颜。滋润型偏乳液质地，上脸感觉轻薄易推且非常服帖，持妆效果好，单用就是自然裸妆，“伪素颜神器”，时间越久妆容越贴合，即使秋冬一点也不干。', '../img/goodimg/goodimg05_b1.jpg-../img/goodimg/goodimg05_b2.jpg-../img/goodimg/goodimg05_b3.jpg', '../img/goodimg/goodimg05_s1.jpg-../img/goodimg/goodimg05_s2.jpg-../img/goodimg/goodimg05_s3.jpg', '4', '4', '1');
INSERT INTO `goodlist` VALUES ('102', '[肉厚味甜 入口即化]沙雅舒克和田大枣 500g*16袋', '169', '239', '22', '220', '0', '默认', '默认', '来自新疆的和田大枣，每天长达15小时的日照为大枣提供了充分的光合作用，这里长出来的大枣个大皮薄、核小肉厚，颜色好，干而不皱，日常滋补，益气补血最合适不过。', '../img/goodimg/goodimg04_b1.jpg-../img/goodimg/goodimg04_b2.jpg-../img/goodimg/goodimg04_b3.jpg-../img/goodimg/goodimg04_b4.jpg', '../img/goodimg/goodimg04_s1.jpg-../img/goodimg/goodimg04_s2.jpg-../img/goodimg/goodimg04_s3.jpg-../img/goodimg/goodimg04_s4.jpg', '3', '5', '1');
INSERT INTO `goodlist` VALUES ('101', '[2组起订]甘源休闲食品（蒜香味青豌豆285g/蟹黄味瓜子仁285g/蟹黄味蚕豆285g/酱 蟹黄味瓜子仁285g', '9', '18', '222', '220', '10', '默认', '蒜香味青豌豆285g-蟹黄味瓜子仁285g-蟹黄味蚕豆285g-酱香烤肉味兰花豆285g', '[2组起订]甘源休闲食品（蒜香味青豌豆285g/蟹黄味瓜子仁285g/蟹黄味蚕豆285g/酱 酱香烤肉味兰花豆285g', '../img/goodimg/goodimg03_b1.jpg', '../img/goodimg/goodimg03_s1.jpg', '2', '6', '1');
INSERT INTO `goodlist` VALUES ('100', '[人间至味是肉香]丁星斋传统老汤牛肉 （清真）125g*10袋 赠8袋', '298', '398', '111', '200', '0', '默认', '默认', '陕西特产，精选中国五大黄牛品种之首秦川牛，被誉为唯一可与日本神户肥牛相媲美的国产牛肉，肉质鲜嫩，不带肥脂，口味醇香。百年老字号丁星斋，老汤熬制，配料秘制，吃一口就忘不了这个味。', '../img/goodimg/goodimg02_b1.jpg-../img/goodimg/goodimg02_b2.jpg-../img/goodimg/goodimg02_b3.jpg-../img/goodimg/goodimg02_b4.jpg-../img/goodimg/goodimg02_b5.jpg', '../img/goodimg/goodimg02_s1.jpg-../img/goodimg/goodimg02_s2.jpg-../img/goodimg/goodimg02_s3.jpg-../img/goodimg/goodimg02_s4.jpg-../img/goodimg/goodimg02_s5.jpg', '1', '7', '2');
INSERT INTO `goodlist` VALUES ('99', '[9种美味齐聚一盒]森林大叔 每日坚果9种果仁分享组 26g*60袋', '289', '299', '186', '200', '0', '默认', '默认', '集齐了9款优质果仁，全球甄选扁桃仁、核桃仁、腰果、黑加仑、蔓越莓干、碧根果仁、榛子仁、蓝莓干、开心果仁等食材。富含多种矿物质、维生素A.B.B1等，适合6岁以上儿童，成人及老年食用', '../img/goodimg/goodimg01_b1.jpg-../img/goodimg/goodimg01_b2.jpg-../img/goodimg/goodimg01_b3.jpg-../img/goodimg/goodimg01_b4.jpg-../img/goodimg/goodimg01_b5.jpg', '../img/goodimg/goodimg01_s1.jpg-../img/goodimg/goodimg01_s2.jpg-../img/goodimg/goodimg01_s3.jpg-../img/goodimg/goodimg01_s4.jpg-../img/goodimg/goodimg01_s5.jpg', '1', '8', '2');
INSERT INTO `goodlist` VALUES ('98', '[水润新生膜力尽显]（直邮）泰国ANJERI免洗睡眠面膜组合（金色16粒+银色16粒）', '168', '252', '366', '877', '0', '默认', '默认', '夜间肌肤更容易流失水分，敷完就睡觉，整夜护肤，不用再次清洗，让你轻松拥有水润美肌，告别肌肤暗沉和粗糙。一觉醒来，解决多种肌肤问题。', '../img/goodimg/goodimg07_b1.jpg-../img/goodimg/goodimg07_b2.jpg-../img/goodimg/goodimg07_b3.jpg-../img/goodimg/goodimg07_b4.jpg-../img/goodimg/goodimg07_b5.jpg', '../img/goodimg/goodimg07_s1.jpg-../img/goodimg/goodimg07_s2.jpg-../img/goodimg/goodimg07_s3.jpg-../img/goodimg/goodimg07_s4.jpg-../img/goodimg/goodimg07_s5.jpg', '6', '9', '2');
INSERT INTO `goodlist` VALUES ('97', '[肌肤闪耀钻石光感]（直邮）日本CPB肌肤之钥光透白钻石光感隔离霜30ml', '358', '398', '320', '234', '0', '默认', '默认', 'CPB的底妆素有“越夜越美丽”的称号，就算带妆一整天也丝毫不会暗沉粗糙，甚至越到晚上越显细腻白净。这款添加传明酸亮白精华液，白皙均匀肤色的同时能有效遮盖肌肤瑕疵，使肌肤充满透明感，能有效提升粉底贴合度，显著改善底妆效果。多种保养配方，带妆也能有效滋养。', '../img/goodimg/goodimg06_b1.jpg-../img/goodimg/goodimg06_b2.jpg-../img/goodimg/goodimg06_b3.jpg', '../img/goodimg/goodimg06_s1.jpg-../img/goodimg/goodimg06_s2.jpg-../img/goodimg/goodimg06_s3.jpg', '5', '10', '2');
INSERT INTO `goodlist` VALUES ('96', '[自带磨皮美颜妆效]（直邮）日本CPB肌肤之钥长管滋润隔离霜36ml', '398', '418', '221', '500', '0', '默认', '默认', '通透微遮瑕，三重光层科技，自带打光效果，做人群中闪亮的那颗星。粉末控色技术，强大的磨皮柔焦效果，自然美颜。滋润型偏乳液质地，上脸感觉轻薄易推且非常服帖，持妆效果好，单用就是自然裸妆，“伪素颜神器”，时间越久妆容越贴合，即使秋冬一点也不干。', '../img/goodimg/goodimg05_b1.jpg-../img/goodimg/goodimg05_b2.jpg-../img/goodimg/goodimg05_b3.jpg', '../img/goodimg/goodimg05_s1.jpg-../img/goodimg/goodimg05_s2.jpg-../img/goodimg/goodimg05_s3.jpg', '4', '11', '2');
INSERT INTO `goodlist` VALUES ('95', '[肉厚味甜 入口即化]沙雅舒克和田大枣 500g*16袋', '169', '239', '22', '220', '0', '默认', '默认', '来自新疆的和田大枣，每天长达15小时的日照为大枣提供了充分的光合作用，这里长出来的大枣个大皮薄、核小肉厚，颜色好，干而不皱，日常滋补，益气补血最合适不过。', '../img/goodimg/goodimg04_b1.jpg-../img/goodimg/goodimg04_b2.jpg-../img/goodimg/goodimg04_b3.jpg-../img/goodimg/goodimg04_b4.jpg', '../img/goodimg/goodimg04_s1.jpg-../img/goodimg/goodimg04_s2.jpg-../img/goodimg/goodimg04_s3.jpg-../img/goodimg/goodimg04_s4.jpg', '3', '12', '2');
INSERT INTO `goodlist` VALUES ('94', '[2组起订]甘源休闲食品（蒜香味青豌豆285g/蟹黄味瓜子仁285g/蟹黄味蚕豆285g/酱 蟹黄味瓜子仁285g', '9', '18', '222', '220', '10', '默认', '蒜香味青豌豆285g-蟹黄味瓜子仁285g-蟹黄味蚕豆285g-酱香烤肉味兰花豆285g', '[2组起订]甘源休闲食品（蒜香味青豌豆285g/蟹黄味瓜子仁285g/蟹黄味蚕豆285g/酱 酱香烤肉味兰花豆285g', '../img/goodimg/goodimg03_b1.jpg', '../img/goodimg/goodimg03_s1.jpg', '2', '12', '2');
INSERT INTO `goodlist` VALUES ('93', '[人间至味是肉香]丁星斋传统老汤牛肉 （清真）125g*10袋 赠8袋', '298', '398', '111', '200', '0', '默认', '默认', '陕西特产，精选中国五大黄牛品种之首秦川牛，被誉为唯一可与日本神户肥牛相媲美的国产牛肉，肉质鲜嫩，不带肥脂，口味醇香。百年老字号丁星斋，老汤熬制，配料秘制，吃一口就忘不了这个味。', '../img/goodimg/goodimg02_b1.jpg-../img/goodimg/goodimg02_b2.jpg-../img/goodimg/goodimg02_b3.jpg-../img/goodimg/goodimg02_b4.jpg-../img/goodimg/goodimg02_b5.jpg', '../img/goodimg/goodimg02_s1.jpg-../img/goodimg/goodimg02_s2.jpg-../img/goodimg/goodimg02_s3.jpg-../img/goodimg/goodimg02_s4.jpg-../img/goodimg/goodimg02_s5.jpg', '1', '11', '2');
INSERT INTO `goodlist` VALUES ('92', '[9种美味齐聚一盒]森林大叔 每日坚果9种果仁分享组 26g*60袋', '289', '299', '186', '200', '0', '默认', '默认', '集齐了9款优质果仁，全球甄选扁桃仁、核桃仁、腰果、黑加仑、蔓越莓干、碧根果仁、榛子仁、蓝莓干、开心果仁等食材。富含多种矿物质、维生素A.B.B1等，适合6岁以上儿童，成人及老年食用', '../img/goodimg/goodimg01_b1.jpg-../img/goodimg/goodimg01_b2.jpg-../img/goodimg/goodimg01_b3.jpg-../img/goodimg/goodimg01_b4.jpg-../img/goodimg/goodimg01_b5.jpg', '../img/goodimg/goodimg01_s1.jpg-../img/goodimg/goodimg01_s2.jpg-../img/goodimg/goodimg01_s3.jpg-../img/goodimg/goodimg01_s4.jpg-../img/goodimg/goodimg01_s5.jpg', '1', '10', '2');
INSERT INTO `goodlist` VALUES ('91', '[水润新生膜力尽显]（直邮）泰国ANJERI免洗睡眠面膜组合（金色16粒+银色16粒）', '168', '252', '366', '877', '0', '默认', '默认', '夜间肌肤更容易流失水分，敷完就睡觉，整夜护肤，不用再次清洗，让你轻松拥有水润美肌，告别肌肤暗沉和粗糙。一觉醒来，解决多种肌肤问题。', '../img/goodimg/goodimg07_b1.jpg-../img/goodimg/goodimg07_b2.jpg-../img/goodimg/goodimg07_b3.jpg-../img/goodimg/goodimg07_b4.jpg-../img/goodimg/goodimg07_b5.jpg', '../img/goodimg/goodimg07_s1.jpg-../img/goodimg/goodimg07_s2.jpg-../img/goodimg/goodimg07_s3.jpg-../img/goodimg/goodimg07_s4.jpg-../img/goodimg/goodimg07_s5.jpg', '6', '9', '2');
INSERT INTO `goodlist` VALUES ('90', '[肌肤闪耀钻石光感]（直邮）日本CPB肌肤之钥光透白钻石光感隔离霜30ml', '358', '398', '320', '234', '0', '默认', '默认', 'CPB的底妆素有“越夜越美丽”的称号，就算带妆一整天也丝毫不会暗沉粗糙，甚至越到晚上越显细腻白净。这款添加传明酸亮白精华液，白皙均匀肤色的同时能有效遮盖肌肤瑕疵，使肌肤充满透明感，能有效提升粉底贴合度，显著改善底妆效果。多种保养配方，带妆也能有效滋养。', '../img/goodimg/goodimg06_b1.jpg-../img/goodimg/goodimg06_b2.jpg-../img/goodimg/goodimg06_b3.jpg', '../img/goodimg/goodimg06_s1.jpg-../img/goodimg/goodimg06_s2.jpg-../img/goodimg/goodimg06_s3.jpg', '5', '8', '2');
INSERT INTO `goodlist` VALUES ('89', '[自带磨皮美颜妆效]（直邮）日本CPB肌肤之钥长管滋润隔离霜36ml', '398', '418', '221', '500', '0', '默认', '默认', '通透微遮瑕，三重光层科技，自带打光效果，做人群中闪亮的那颗星。粉末控色技术，强大的磨皮柔焦效果，自然美颜。滋润型偏乳液质地，上脸感觉轻薄易推且非常服帖，持妆效果好，单用就是自然裸妆，“伪素颜神器”，时间越久妆容越贴合，即使秋冬一点也不干。', '../img/goodimg/goodimg05_b1.jpg-../img/goodimg/goodimg05_b2.jpg-../img/goodimg/goodimg05_b3.jpg', '../img/goodimg/goodimg05_s1.jpg-../img/goodimg/goodimg05_s2.jpg-../img/goodimg/goodimg05_s3.jpg', '4', '7', '2');
INSERT INTO `goodlist` VALUES ('88', '[肉厚味甜 入口即化]沙雅舒克和田大枣 500g*16袋', '169', '239', '22', '220', '0', '默认', '默认', '来自新疆的和田大枣，每天长达15小时的日照为大枣提供了充分的光合作用，这里长出来的大枣个大皮薄、核小肉厚，颜色好，干而不皱，日常滋补，益气补血最合适不过。', '../img/goodimg/goodimg04_b1.jpg-../img/goodimg/goodimg04_b2.jpg-../img/goodimg/goodimg04_b3.jpg-../img/goodimg/goodimg04_b4.jpg', '../img/goodimg/goodimg04_s1.jpg-../img/goodimg/goodimg04_s2.jpg-../img/goodimg/goodimg04_s3.jpg-../img/goodimg/goodimg04_s4.jpg', '3', '6', '1');
INSERT INTO `goodlist` VALUES ('87', '[2组起订]甘源休闲食品（蒜香味青豌豆285g/蟹黄味瓜子仁285g/蟹黄味蚕豆285g/酱 蟹黄味瓜子仁285g', '9', '18', '222', '220', '10', '默认', '蒜香味青豌豆285g-蟹黄味瓜子仁285g-蟹黄味蚕豆285g-酱香烤肉味兰花豆285g', '[2组起订]甘源休闲食品（蒜香味青豌豆285g/蟹黄味瓜子仁285g/蟹黄味蚕豆285g/酱 酱香烤肉味兰花豆285g', '../img/goodimg/goodimg03_b1.jpg', '../img/goodimg/goodimg03_s1.jpg', '2', '5', '1');
INSERT INTO `goodlist` VALUES ('86', '[人间至味是肉香]丁星斋传统老汤牛肉 （清真）125g*10袋 赠8袋', '298', '398', '111', '200', '0', '默认', '默认', '陕西特产，精选中国五大黄牛品种之首秦川牛，被誉为唯一可与日本神户肥牛相媲美的国产牛肉，肉质鲜嫩，不带肥脂，口味醇香。百年老字号丁星斋，老汤熬制，配料秘制，吃一口就忘不了这个味。', '../img/goodimg/goodimg02_b1.jpg-../img/goodimg/goodimg02_b2.jpg-../img/goodimg/goodimg02_b3.jpg-../img/goodimg/goodimg02_b4.jpg-../img/goodimg/goodimg02_b5.jpg', '../img/goodimg/goodimg02_s1.jpg-../img/goodimg/goodimg02_s2.jpg-../img/goodimg/goodimg02_s3.jpg-../img/goodimg/goodimg02_s4.jpg-../img/goodimg/goodimg02_s5.jpg', '1', '4', '1');
INSERT INTO `goodlist` VALUES ('85', '[9种美味齐聚一盒]森林大叔 每日坚果9种果仁分享组 26g*60袋', '289', '299', '186', '200', '0', '默认', '默认', '集齐了9款优质果仁，全球甄选扁桃仁、核桃仁、腰果、黑加仑、蔓越莓干、碧根果仁、榛子仁、蓝莓干、开心果仁等食材。富含多种矿物质、维生素A.B.B1等，适合6岁以上儿童，成人及老年食用', '../img/goodimg/goodimg01_b1.jpg-../img/goodimg/goodimg01_b2.jpg-../img/goodimg/goodimg01_b3.jpg-../img/goodimg/goodimg01_b4.jpg-../img/goodimg/goodimg01_b5.jpg', '../img/goodimg/goodimg01_s1.jpg-../img/goodimg/goodimg01_s2.jpg-../img/goodimg/goodimg01_s3.jpg-../img/goodimg/goodimg01_s4.jpg-../img/goodimg/goodimg01_s5.jpg', '1', '3', '1');
INSERT INTO `goodlist` VALUES ('84', '[水润新生膜力尽显]（直邮）泰国ANJERI免洗睡眠面膜组合（金色16粒+银色16粒）', '168', '252', '366', '877', '0', '默认', '默认', '夜间肌肤更容易流失水分，敷完就睡觉，整夜护肤，不用再次清洗，让你轻松拥有水润美肌，告别肌肤暗沉和粗糙。一觉醒来，解决多种肌肤问题。', '../img/goodimg/goodimg07_b1.jpg-../img/goodimg/goodimg07_b2.jpg-../img/goodimg/goodimg07_b3.jpg-../img/goodimg/goodimg07_b4.jpg-../img/goodimg/goodimg07_b5.jpg', '../img/goodimg/goodimg07_s1.jpg-../img/goodimg/goodimg07_s2.jpg-../img/goodimg/goodimg07_s3.jpg-../img/goodimg/goodimg07_s4.jpg-../img/goodimg/goodimg07_s5.jpg', '6', '2', '1');
INSERT INTO `goodlist` VALUES ('83', '[肌肤闪耀钻石光感]（直邮）日本CPB肌肤之钥光透白钻石光感隔离霜30ml', '358', '398', '320', '234', '0', '默认', '默认', 'CPB的底妆素有“越夜越美丽”的称号，就算带妆一整天也丝毫不会暗沉粗糙，甚至越到晚上越显细腻白净。这款添加传明酸亮白精华液，白皙均匀肤色的同时能有效遮盖肌肤瑕疵，使肌肤充满透明感，能有效提升粉底贴合度，显著改善底妆效果。多种保养配方，带妆也能有效滋养。', '../img/goodimg/goodimg06_b1.jpg-../img/goodimg/goodimg06_b2.jpg-../img/goodimg/goodimg06_b3.jpg', '../img/goodimg/goodimg06_s1.jpg-../img/goodimg/goodimg06_s2.jpg-../img/goodimg/goodimg06_s3.jpg', '5', '1', '1');
INSERT INTO `goodlist` VALUES ('82', '[自带磨皮美颜妆效]（直邮）日本CPB肌肤之钥长管滋润隔离霜36ml', '398', '418', '221', '500', '0', '默认', '默认', '通透微遮瑕，三重光层科技，自带打光效果，做人群中闪亮的那颗星。粉末控色技术，强大的磨皮柔焦效果，自然美颜。滋润型偏乳液质地，上脸感觉轻薄易推且非常服帖，持妆效果好，单用就是自然裸妆，“伪素颜神器”，时间越久妆容越贴合，即使秋冬一点也不干。', '../img/goodimg/goodimg05_b1.jpg-../img/goodimg/goodimg05_b2.jpg-../img/goodimg/goodimg05_b3.jpg', '../img/goodimg/goodimg05_s1.jpg-../img/goodimg/goodimg05_s2.jpg-../img/goodimg/goodimg05_s3.jpg', '4', '12', '2');
INSERT INTO `goodlist` VALUES ('81', '[肉厚味甜 入口即化]沙雅舒克和田大枣 500g*16袋', '169', '239', '22', '220', '0', '默认', '默认', '来自新疆的和田大枣，每天长达15小时的日照为大枣提供了充分的光合作用，这里长出来的大枣个大皮薄、核小肉厚，颜色好，干而不皱，日常滋补，益气补血最合适不过。', '../img/goodimg/goodimg04_b1.jpg-../img/goodimg/goodimg04_b2.jpg-../img/goodimg/goodimg04_b3.jpg-../img/goodimg/goodimg04_b4.jpg', '../img/goodimg/goodimg04_s1.jpg-../img/goodimg/goodimg04_s2.jpg-../img/goodimg/goodimg04_s3.jpg-../img/goodimg/goodimg04_s4.jpg', '3', '11', '2');
INSERT INTO `goodlist` VALUES ('80', '[2组起订]甘源休闲食品（蒜香味青豌豆285g/蟹黄味瓜子仁285g/蟹黄味蚕豆285g/酱 蟹黄味瓜子仁285g', '9', '18', '222', '220', '10', '默认', '蒜香味青豌豆285g-蟹黄味瓜子仁285g-蟹黄味蚕豆285g-酱香烤肉味兰花豆285g', '[2组起订]甘源休闲食品（蒜香味青豌豆285g/蟹黄味瓜子仁285g/蟹黄味蚕豆285g/酱 酱香烤肉味兰花豆285g', '../img/goodimg/goodimg03_b1.jpg', '../img/goodimg/goodimg03_s1.jpg', '2', '10', '2');
INSERT INTO `goodlist` VALUES ('79', '[人间至味是肉香]丁星斋传统老汤牛肉 （清真）125g*10袋 赠8袋', '298', '398', '111', '200', '0', '默认', '默认', '陕西特产，精选中国五大黄牛品种之首秦川牛，被誉为唯一可与日本神户肥牛相媲美的国产牛肉，肉质鲜嫩，不带肥脂，口味醇香。百年老字号丁星斋，老汤熬制，配料秘制，吃一口就忘不了这个味。', '../img/goodimg/goodimg02_b1.jpg-../img/goodimg/goodimg02_b2.jpg-../img/goodimg/goodimg02_b3.jpg-../img/goodimg/goodimg02_b4.jpg-../img/goodimg/goodimg02_b5.jpg', '../img/goodimg/goodimg02_s1.jpg-../img/goodimg/goodimg02_s2.jpg-../img/goodimg/goodimg02_s3.jpg-../img/goodimg/goodimg02_s4.jpg-../img/goodimg/goodimg02_s5.jpg', '1', '9', '2');
INSERT INTO `goodlist` VALUES ('78', '[9种美味齐聚一盒]森林大叔 每日坚果9种果仁分享组 26g*60袋', '289', '299', '186', '200', '0', '默认', '默认', '集齐了9款优质果仁，全球甄选扁桃仁、核桃仁、腰果、黑加仑、蔓越莓干、碧根果仁、榛子仁、蓝莓干、开心果仁等食材。富含多种矿物质、维生素A.B.B1等，适合6岁以上儿童，成人及老年食用', '../img/goodimg/goodimg01_b1.jpg-../img/goodimg/goodimg01_b2.jpg-../img/goodimg/goodimg01_b3.jpg-../img/goodimg/goodimg01_b4.jpg-../img/goodimg/goodimg01_b5.jpg', '../img/goodimg/goodimg01_s1.jpg-../img/goodimg/goodimg01_s2.jpg-../img/goodimg/goodimg01_s3.jpg-../img/goodimg/goodimg01_s4.jpg-../img/goodimg/goodimg01_s5.jpg', '1', '8', '2');
INSERT INTO `goodlist` VALUES ('77', '[水润新生膜力尽显]（直邮）泰国ANJERI免洗睡眠面膜组合（金色16粒+银色16粒）', '168', '252', '366', '877', '0', '默认', '默认', '夜间肌肤更容易流失水分，敷完就睡觉，整夜护肤，不用再次清洗，让你轻松拥有水润美肌，告别肌肤暗沉和粗糙。一觉醒来，解决多种肌肤问题。', '../img/goodimg/goodimg07_b1.jpg-../img/goodimg/goodimg07_b2.jpg-../img/goodimg/goodimg07_b3.jpg-../img/goodimg/goodimg07_b4.jpg-../img/goodimg/goodimg07_b5.jpg', '../img/goodimg/goodimg07_s1.jpg-../img/goodimg/goodimg07_s2.jpg-../img/goodimg/goodimg07_s3.jpg-../img/goodimg/goodimg07_s4.jpg-../img/goodimg/goodimg07_s5.jpg', '6', '7', '2');
INSERT INTO `goodlist` VALUES ('76', '[肌肤闪耀钻石光感]（直邮）日本CPB肌肤之钥光透白钻石光感隔离霜30ml', '358', '398', '320', '234', '0', '默认', '默认', 'CPB的底妆素有“越夜越美丽”的称号，就算带妆一整天也丝毫不会暗沉粗糙，甚至越到晚上越显细腻白净。这款添加传明酸亮白精华液，白皙均匀肤色的同时能有效遮盖肌肤瑕疵，使肌肤充满透明感，能有效提升粉底贴合度，显著改善底妆效果。多种保养配方，带妆也能有效滋养。', '../img/goodimg/goodimg06_b1.jpg-../img/goodimg/goodimg06_b2.jpg-../img/goodimg/goodimg06_b3.jpg', '../img/goodimg/goodimg06_s1.jpg-../img/goodimg/goodimg06_s2.jpg-../img/goodimg/goodimg06_s3.jpg', '5', '6', '1');
INSERT INTO `goodlist` VALUES ('75', '[自带磨皮美颜妆效]（直邮）日本CPB肌肤之钥长管滋润隔离霜36ml', '398', '418', '221', '500', '0', '默认', '默认', '通透微遮瑕，三重光层科技，自带打光效果，做人群中闪亮的那颗星。粉末控色技术，强大的磨皮柔焦效果，自然美颜。滋润型偏乳液质地，上脸感觉轻薄易推且非常服帖，持妆效果好，单用就是自然裸妆，“伪素颜神器”，时间越久妆容越贴合，即使秋冬一点也不干。', '../img/goodimg/goodimg05_b1.jpg-../img/goodimg/goodimg05_b2.jpg-../img/goodimg/goodimg05_b3.jpg', '../img/goodimg/goodimg05_s1.jpg-../img/goodimg/goodimg05_s2.jpg-../img/goodimg/goodimg05_s3.jpg', '4', '5', '1');
INSERT INTO `goodlist` VALUES ('73', '[2组起订]甘源休闲食品（蒜香味青豌豆285g/蟹黄味瓜子仁285g/蟹黄味蚕豆285g/酱 蟹黄味瓜子仁285g', '9', '18', '222', '220', '10', '默认', '蒜香味青豌豆285g-蟹黄味瓜子仁285g-蟹黄味蚕豆285g-酱香烤肉味兰花豆285g', '[2组起订]甘源休闲食品（蒜香味青豌豆285g/蟹黄味瓜子仁285g/蟹黄味蚕豆285g/酱 酱香烤肉味兰花豆285g', '../img/goodimg/goodimg03_b1.jpg', '../img/goodimg/goodimg03_s1.jpg', '2', '3', '1');
INSERT INTO `goodlist` VALUES ('74', '[肉厚味甜 入口即化]沙雅舒克和田大枣 500g*16袋', '169', '239', '22', '220', '0', '默认', '默认', '来自新疆的和田大枣，每天长达15小时的日照为大枣提供了充分的光合作用，这里长出来的大枣个大皮薄、核小肉厚，颜色好，干而不皱，日常滋补，益气补血最合适不过。', '../img/goodimg/goodimg04_b1.jpg-../img/goodimg/goodimg04_b2.jpg-../img/goodimg/goodimg04_b3.jpg-../img/goodimg/goodimg04_b4.jpg', '../img/goodimg/goodimg04_s1.jpg-../img/goodimg/goodimg04_s2.jpg-../img/goodimg/goodimg04_s3.jpg-../img/goodimg/goodimg04_s4.jpg', '3', '4', '1');
INSERT INTO `goodlist` VALUES ('72', '[人间至味是肉香]丁星斋传统老汤牛肉 （清真）125g*10袋 赠8袋', '298', '398', '111', '200', '0', '默认', '默认', '陕西特产，精选中国五大黄牛品种之首秦川牛，被誉为唯一可与日本神户肥牛相媲美的国产牛肉，肉质鲜嫩，不带肥脂，口味醇香。百年老字号丁星斋，老汤熬制，配料秘制，吃一口就忘不了这个味。', '../img/goodimg/goodimg02_b1.jpg-../img/goodimg/goodimg02_b2.jpg-../img/goodimg/goodimg02_b3.jpg-../img/goodimg/goodimg02_b4.jpg-../img/goodimg/goodimg02_b5.jpg', '../img/goodimg/goodimg02_s1.jpg-../img/goodimg/goodimg02_s2.jpg-../img/goodimg/goodimg02_s3.jpg-../img/goodimg/goodimg02_s4.jpg-../img/goodimg/goodimg02_s5.jpg', '1', '2', '1');
INSERT INTO `goodlist` VALUES ('71', '[9种美味齐聚一盒]森林大叔 每日坚果9种果仁分享组 26g*60袋', '289', '299', '186', '200', '0', '默认', '默认', '集齐了9款优质果仁，全球甄选扁桃仁、核桃仁、腰果、黑加仑、蔓越莓干、碧根果仁、榛子仁、蓝莓干、开心果仁等食材。富含多种矿物质、维生素A.B.B1等，适合6岁以上儿童，成人及老年食用', '../img/goodimg/goodimg01_b1.jpg-../img/goodimg/goodimg01_b2.jpg-../img/goodimg/goodimg01_b3.jpg-../img/goodimg/goodimg01_b4.jpg-../img/goodimg/goodimg01_b5.jpg', '../img/goodimg/goodimg01_s1.jpg-../img/goodimg/goodimg01_s2.jpg-../img/goodimg/goodimg01_s3.jpg-../img/goodimg/goodimg01_s4.jpg-../img/goodimg/goodimg01_s5.jpg', '1', '1', '1');
INSERT INTO `goodlist` VALUES ('138', '[自带磨皮美颜妆效]（直邮）日本CPB肌肤之钥长管滋润隔离霜36ml', '398', '418', '221', '500', '0', '默认', '默认', '通透微遮瑕，三重光层科技，自带打光效果，做人群中闪亮的那颗星。粉末控色技术，强大的磨皮柔焦效果，自然美颜。滋润型偏乳液质地，上脸感觉轻薄易推且非常服帖，持妆效果好，单用就是自然裸妆，“伪素颜神器”，时间越久妆容越贴合，即使秋冬一点也不干。', '../img/goodimg/goodimg05_b1.jpg-../img/goodimg/goodimg05_b2.jpg-../img/goodimg/goodimg05_b3.jpg', '../img/goodimg/goodimg05_s1.jpg-../img/goodimg/goodimg05_s2.jpg-../img/goodimg/goodimg05_s3.jpg', '4', '5', '1');
INSERT INTO `goodlist` VALUES ('139', '[肌肤闪耀钻石光感]（直邮）日本CPB肌肤之钥光透白钻石光感隔离霜30ml', '358', '398', '320', '234', '0', '默认', '默认', 'CPB的底妆素有“越夜越美丽”的称号，就算带妆一整天也丝毫不会暗沉粗糙，甚至越到晚上越显细腻白净。这款添加传明酸亮白精华液，白皙均匀肤色的同时能有效遮盖肌肤瑕疵，使肌肤充满透明感，能有效提升粉底贴合度，显著改善底妆效果。多种保养配方，带妆也能有效滋养。', '../img/goodimg/goodimg06_b1.jpg-../img/goodimg/goodimg06_b2.jpg-../img/goodimg/goodimg06_b3.jpg', '../img/goodimg/goodimg06_s1.jpg-../img/goodimg/goodimg06_s2.jpg-../img/goodimg/goodimg06_s3.jpg', '5', '4', '1');
INSERT INTO `goodlist` VALUES ('140', '[水润新生膜力尽显]（直邮）泰国ANJERI免洗睡眠面膜组合（金色16粒+银色16粒）', '168', '252', '366', '877', '0', '默认', '默认', '夜间肌肤更容易流失水分，敷完就睡觉，整夜护肤，不用再次清洗，让你轻松拥有水润美肌，告别肌肤暗沉和粗糙。一觉醒来，解决多种肌肤问题。', '../img/goodimg/goodimg07_b1.jpg-../img/goodimg/goodimg07_b2.jpg-../img/goodimg/goodimg07_b3.jpg-../img/goodimg/goodimg07_b4.jpg-../img/goodimg/goodimg07_b5.jpg', '../img/goodimg/goodimg07_s1.jpg-../img/goodimg/goodimg07_s2.jpg-../img/goodimg/goodimg07_s3.jpg-../img/goodimg/goodimg07_s4.jpg-../img/goodimg/goodimg07_s5.jpg', '6', '3', '1');
INSERT INTO `goodlist` VALUES ('141', '[9种美味齐聚一盒]森林大叔 每日坚果9种果仁分享组 26g*60袋', '289', '299', '186', '200', '0', '默认', '默认', '集齐了9款优质果仁，全球甄选扁桃仁、核桃仁、腰果、黑加仑、蔓越莓干、碧根果仁、榛子仁、蓝莓干、开心果仁等食材。富含多种矿物质、维生素A.B.B1等，适合6岁以上儿童，成人及老年食用', '../img/goodimg/goodimg01_b1.jpg-../img/goodimg/goodimg01_b2.jpg-../img/goodimg/goodimg01_b3.jpg-../img/goodimg/goodimg01_b4.jpg-../img/goodimg/goodimg01_b5.jpg', '../img/goodimg/goodimg01_s1.jpg-../img/goodimg/goodimg01_s2.jpg-../img/goodimg/goodimg01_s3.jpg-../img/goodimg/goodimg01_s4.jpg-../img/goodimg/goodimg01_s5.jpg', '1', '2', '1');
INSERT INTO `goodlist` VALUES ('142', '[人间至味是肉香]丁星斋传统老汤牛肉 （清真）125g*10袋 赠8袋', '298', '398', '111', '200', '0', '默认', '默认', '陕西特产，精选中国五大黄牛品种之首秦川牛，被誉为唯一可与日本神户肥牛相媲美的国产牛肉，肉质鲜嫩，不带肥脂，口味醇香。百年老字号丁星斋，老汤熬制，配料秘制，吃一口就忘不了这个味。', '../img/goodimg/goodimg02_b1.jpg-../img/goodimg/goodimg02_b2.jpg-../img/goodimg/goodimg02_b3.jpg-../img/goodimg/goodimg02_b4.jpg-../img/goodimg/goodimg02_b5.jpg', '../img/goodimg/goodimg02_s1.jpg-../img/goodimg/goodimg02_s2.jpg-../img/goodimg/goodimg02_s3.jpg-../img/goodimg/goodimg02_s4.jpg-../img/goodimg/goodimg02_s5.jpg', '1', '1', '1');
INSERT INTO `goodlist` VALUES ('143', '[2组起订]甘源休闲食品（蒜香味青豌豆285g/蟹黄味瓜子仁285g/蟹黄味蚕豆285g/酱 蟹黄味瓜子仁285g', '9', '18', '222', '220', '10', '默认', '蒜香味青豌豆285g-蟹黄味瓜子仁285g-蟹黄味蚕豆285g-酱香烤肉味兰花豆285g', '[2组起订]甘源休闲食品（蒜香味青豌豆285g/蟹黄味瓜子仁285g/蟹黄味蚕豆285g/酱 酱香烤肉味兰花豆285g', '../img/goodimg/goodimg03_b1.jpg', '../img/goodimg/goodimg03_s1.jpg', '2', '1', '1');
INSERT INTO `goodlist` VALUES ('144', '[肉厚味甜 入口即化]沙雅舒克和田大枣 500g*16袋', '169', '239', '22', '220', '0', '默认', '默认', '来自新疆的和田大枣，每天长达15小时的日照为大枣提供了充分的光合作用，这里长出来的大枣个大皮薄、核小肉厚，颜色好，干而不皱，日常滋补，益气补血最合适不过。', '../img/goodimg/goodimg04_b1.jpg-../img/goodimg/goodimg04_b2.jpg-../img/goodimg/goodimg04_b3.jpg-../img/goodimg/goodimg04_b4.jpg', '../img/goodimg/goodimg04_s1.jpg-../img/goodimg/goodimg04_s2.jpg-../img/goodimg/goodimg04_s3.jpg-../img/goodimg/goodimg04_s4.jpg', '3', '2', '1');
INSERT INTO `goodlist` VALUES ('145', '[自带磨皮美颜妆效]（直邮）日本CPB肌肤之钥长管滋润隔离霜36ml', '398', '418', '221', '500', '0', '默认', '默认', '通透微遮瑕，三重光层科技，自带打光效果，做人群中闪亮的那颗星。粉末控色技术，强大的磨皮柔焦效果，自然美颜。滋润型偏乳液质地，上脸感觉轻薄易推且非常服帖，持妆效果好，单用就是自然裸妆，“伪素颜神器”，时间越久妆容越贴合，即使秋冬一点也不干。', '../img/goodimg/goodimg05_b1.jpg-../img/goodimg/goodimg05_b2.jpg-../img/goodimg/goodimg05_b3.jpg', '../img/goodimg/goodimg05_s1.jpg-../img/goodimg/goodimg05_s2.jpg-../img/goodimg/goodimg05_s3.jpg', '4', '3', '1');
INSERT INTO `goodlist` VALUES ('146', '[肌肤闪耀钻石光感]（直邮）日本CPB肌肤之钥光透白钻石光感隔离霜30ml', '358', '398', '320', '234', '0', '默认', '默认', 'CPB的底妆素有“越夜越美丽”的称号，就算带妆一整天也丝毫不会暗沉粗糙，甚至越到晚上越显细腻白净。这款添加传明酸亮白精华液，白皙均匀肤色的同时能有效遮盖肌肤瑕疵，使肌肤充满透明感，能有效提升粉底贴合度，显著改善底妆效果。多种保养配方，带妆也能有效滋养。', '../img/goodimg/goodimg06_b1.jpg-../img/goodimg/goodimg06_b2.jpg-../img/goodimg/goodimg06_b3.jpg', '../img/goodimg/goodimg06_s1.jpg-../img/goodimg/goodimg06_s2.jpg-../img/goodimg/goodimg06_s3.jpg', '5', '4', '1');
INSERT INTO `goodlist` VALUES ('147', '[水润新生膜力尽显]（直邮）泰国ANJERI免洗睡眠面膜组合（金色16粒+银色16粒）', '168', '252', '366', '877', '0', '默认', '默认', '夜间肌肤更容易流失水分，敷完就睡觉，整夜护肤，不用再次清洗，让你轻松拥有水润美肌，告别肌肤暗沉和粗糙。一觉醒来，解决多种肌肤问题。', '../img/goodimg/goodimg07_b1.jpg-../img/goodimg/goodimg07_b2.jpg-../img/goodimg/goodimg07_b3.jpg-../img/goodimg/goodimg07_b4.jpg-../img/goodimg/goodimg07_b5.jpg', '../img/goodimg/goodimg07_s1.jpg-../img/goodimg/goodimg07_s2.jpg-../img/goodimg/goodimg07_s3.jpg-../img/goodimg/goodimg07_s4.jpg-../img/goodimg/goodimg07_s5.jpg', '6', '5', '1');
INSERT INTO `goodlist` VALUES ('148', '[9种美味齐聚一盒]森林大叔 每日坚果9种果仁分享组 26g*60袋', '289', '299', '186', '200', '0', '默认', '默认', '集齐了9款优质果仁，全球甄选扁桃仁、核桃仁、腰果、黑加仑、蔓越莓干、碧根果仁、榛子仁、蓝莓干、开心果仁等食材。富含多种矿物质、维生素A.B.B1等，适合6岁以上儿童，成人及老年食用', '../img/goodimg/goodimg01_b1.jpg-../img/goodimg/goodimg01_b2.jpg-../img/goodimg/goodimg01_b3.jpg-../img/goodimg/goodimg01_b4.jpg-../img/goodimg/goodimg01_b5.jpg', '../img/goodimg/goodimg01_s1.jpg-../img/goodimg/goodimg01_s2.jpg-../img/goodimg/goodimg01_s3.jpg-../img/goodimg/goodimg01_s4.jpg-../img/goodimg/goodimg01_s5.jpg', '1', '6', '1');
INSERT INTO `goodlist` VALUES ('149', '[人间至味是肉香]丁星斋传统老汤牛肉 （清真）125g*10袋 赠8袋', '298', '398', '111', '200', '0', '默认', '默认', '陕西特产，精选中国五大黄牛品种之首秦川牛，被誉为唯一可与日本神户肥牛相媲美的国产牛肉，肉质鲜嫩，不带肥脂，口味醇香。百年老字号丁星斋，老汤熬制，配料秘制，吃一口就忘不了这个味。', '../img/goodimg/goodimg02_b1.jpg-../img/goodimg/goodimg02_b2.jpg-../img/goodimg/goodimg02_b3.jpg-../img/goodimg/goodimg02_b4.jpg-../img/goodimg/goodimg02_b5.jpg', '../img/goodimg/goodimg02_s1.jpg-../img/goodimg/goodimg02_s2.jpg-../img/goodimg/goodimg02_s3.jpg-../img/goodimg/goodimg02_s4.jpg-../img/goodimg/goodimg02_s5.jpg', '1', '7', '2');
INSERT INTO `goodlist` VALUES ('150', '[2组起订]甘源休闲食品（蒜香味青豌豆285g/蟹黄味瓜子仁285g/蟹黄味蚕豆285g/酱 蟹黄味瓜子仁285g', '9', '18', '222', '220', '10', '默认', '蒜香味青豌豆285g-蟹黄味瓜子仁285g-蟹黄味蚕豆285g-酱香烤肉味兰花豆285g', '[2组起订]甘源休闲食品（蒜香味青豌豆285g/蟹黄味瓜子仁285g/蟹黄味蚕豆285g/酱 酱香烤肉味兰花豆285g', '../img/goodimg/goodimg03_b1.jpg', '../img/goodimg/goodimg03_s1.jpg', '2', '8', '2');
INSERT INTO `goodlist` VALUES ('151', '[肉厚味甜 入口即化]沙雅舒克和田大枣 500g*16袋', '169', '239', '22', '220', '0', '默认', '默认', '来自新疆的和田大枣，每天长达15小时的日照为大枣提供了充分的光合作用，这里长出来的大枣个大皮薄、核小肉厚，颜色好，干而不皱，日常滋补，益气补血最合适不过。', '../img/goodimg/goodimg04_b1.jpg-../img/goodimg/goodimg04_b2.jpg-../img/goodimg/goodimg04_b3.jpg-../img/goodimg/goodimg04_b4.jpg', '../img/goodimg/goodimg04_s1.jpg-../img/goodimg/goodimg04_s2.jpg-../img/goodimg/goodimg04_s3.jpg-../img/goodimg/goodimg04_s4.jpg', '3', '9', '2');
INSERT INTO `goodlist` VALUES ('152', '[自带磨皮美颜妆效]（直邮）日本CPB肌肤之钥长管滋润隔离霜36ml', '398', '418', '221', '500', '0', '默认', '默认', '通透微遮瑕，三重光层科技，自带打光效果，做人群中闪亮的那颗星。粉末控色技术，强大的磨皮柔焦效果，自然美颜。滋润型偏乳液质地，上脸感觉轻薄易推且非常服帖，持妆效果好，单用就是自然裸妆，“伪素颜神器”，时间越久妆容越贴合，即使秋冬一点也不干。', '../img/goodimg/goodimg05_b1.jpg-../img/goodimg/goodimg05_b2.jpg-../img/goodimg/goodimg05_b3.jpg', '../img/goodimg/goodimg05_s1.jpg-../img/goodimg/goodimg05_s2.jpg-../img/goodimg/goodimg05_s3.jpg', '4', '10', '2');
INSERT INTO `goodlist` VALUES ('153', '[肌肤闪耀钻石光感]（直邮）日本CPB肌肤之钥光透白钻石光感隔离霜30ml', '358', '398', '320', '234', '0', '默认', '默认', 'CPB的底妆素有“越夜越美丽”的称号，就算带妆一整天也丝毫不会暗沉粗糙，甚至越到晚上越显细腻白净。这款添加传明酸亮白精华液，白皙均匀肤色的同时能有效遮盖肌肤瑕疵，使肌肤充满透明感，能有效提升粉底贴合度，显著改善底妆效果。多种保养配方，带妆也能有效滋养。', '../img/goodimg/goodimg06_b1.jpg-../img/goodimg/goodimg06_b2.jpg-../img/goodimg/goodimg06_b3.jpg', '../img/goodimg/goodimg06_s1.jpg-../img/goodimg/goodimg06_s2.jpg-../img/goodimg/goodimg06_s3.jpg', '5', '11', '2');
INSERT INTO `goodlist` VALUES ('154', '[水润新生膜力尽显]（直邮）泰国ANJERI免洗睡眠面膜组合（金色16粒+银色16粒）', '168', '252', '366', '877', '0', '默认', '默认', '夜间肌肤更容易流失水分，敷完就睡觉，整夜护肤，不用再次清洗，让你轻松拥有水润美肌，告别肌肤暗沉和粗糙。一觉醒来，解决多种肌肤问题。', '../img/goodimg/goodimg07_b1.jpg-../img/goodimg/goodimg07_b2.jpg-../img/goodimg/goodimg07_b3.jpg-../img/goodimg/goodimg07_b4.jpg-../img/goodimg/goodimg07_b5.jpg', '../img/goodimg/goodimg07_s1.jpg-../img/goodimg/goodimg07_s2.jpg-../img/goodimg/goodimg07_s3.jpg-../img/goodimg/goodimg07_s4.jpg-../img/goodimg/goodimg07_s5.jpg', '6', '12', '2');

-- ----------------------------
-- Table structure for storelist
-- ----------------------------
DROP TABLE IF EXISTS `storelist`;
CREATE TABLE `storelist` (
  `sid` int(11) unsigned NOT NULL AUTO_INCREMENT,
  `sname` varchar(255) NOT NULL,
  PRIMARY KEY (`sid`)
) ENGINE=MyISAM AUTO_INCREMENT=7 DEFAULT CHARSET=utf8;

-- ----------------------------
-- Records of storelist
-- ----------------------------
INSERT INTO `storelist` VALUES ('1', '快乐购官方');
INSERT INTO `storelist` VALUES ('2', '淘宝');
INSERT INTO `storelist` VALUES ('3', '京东');
INSERT INTO `storelist` VALUES ('4', '苏宁');
INSERT INTO `storelist` VALUES ('5', '蘑菇街');
INSERT INTO `storelist` VALUES ('6', '天猫');

-- ----------------------------
-- Table structure for user
-- ----------------------------
DROP TABLE IF EXISTS `user`;
CREATE TABLE `user` (
  `uid` int(10) unsigned NOT NULL AUTO_INCREMENT,
  `username` varchar(255) NOT NULL,
  `password` varchar(255) NOT NULL,
  PRIMARY KEY (`uid`)
) ENGINE=MyISAM AUTO_INCREMENT=4 DEFAULT CHARSET=utf8;

-- ----------------------------
-- Records of user
-- ----------------------------
INSERT INTO `user` VALUES ('1', '13111111111', 'a123456');
INSERT INTO `user` VALUES ('2', 'admin', 'admin');
INSERT INTO `user` VALUES ('3', '13113742089', 'a123456');
SET FOREIGN_KEY_CHECKS=1;
